branch,Hinf,Tw,Fp0,Gp0,Tp0,shoot_bc_residual,shoot_profile_error,newton_residual,newton_profile_error,newton_sigma_min_over_max
1.000000000000e+00,-6.404802907154e-01,1.045000000015e+00,4.829582166252e-01,5.896744005379e-01,-1.371832097031e-02,1.210720265092e-14,2.064685089564e-10,1.014653378969e-10,0.000000000000e+00,1.483408347784e-06
2.000000000000e+00,-3.628999661492e-01,1.044999999967e+00,4.845326310515e-01,5.857898779065e-01,-1.333656856605e-02,3.774758283726e-15,7.563105142161e-10,1.903566267592e-12,7.163604709426e-10,1.061794246838e-06
3.000000000000e+00,-1.912959207866e-01,1.044999985270e+00,4.871893449214e-01,5.847113928517e-01,-1.339225828066e-02,3.409165311163e-15,5.821954060514e-08,1.223370782204e-12,5.821304305265e-08,3.620091604073e-06
